<?xml version="1.0" encoding="UTF-8"?><FDSNStationXML xmlns="http://www.fdsn.org/xml/station/1" schemaVersion="1.0"><Source>SeisComP3</Source><Sender>KNMI</Sender><Created>2020-04-25T22:46:06</Created><Network code="NL" startDate="1993-01-01T00:00:00" restrictedStatus="open"><Description>Netherlands Seismic and Acoustic Network</Description><Station code="BGAR" startDate="2014-09-17T00:00:00" restrictedStatus="open"><Latitude>53.36786</Latitude><Longitude>6.71359</Longitude><Elevation>1</Elevation><Site><Name>Garsthuizen</Name><Country>The Netherlands</Country></Site><CreationDate>2014-09-17T00:00:00</CreationDate><Channel code="HGE" startDate="2017-12-15T09:01:00" restrictedStatus="open" locationCode=""><Latitude>53.36786</Latitude><Longitude>6.71359</Longitude><Elevation>1</Elevation><Depth>0</Depth><Azimuth>90</Azimuth><Dip>0</Dip><SampleRate>200</SampleRate><SampleRateRatio><NumberSamples>200</NumberSamples><NumberSeconds>1</NumberSeconds></SampleRateRatio><StorageFormat>Steim2</StorageFormat><ClockDrift>0</ClockDrift><Sensor resourceId="Sensor#20181122102614.733842.24"><Type>Kinemetrics Episensor ES-T +/- 20V Differential 4g</Type><Description>EpiS</Description><Manufacturer>Kinemetrics</Manufacturer><Model>Episensor ES-T +/- 20V Differential 4g</Model><SerialNumber>6398</SerialNumber></Sensor><DataLogger resourceId="Datalogger#20181122102614.733694.23"><Description>BGAR.2014.260.HGE</Description></DataLogger><Response><InstrumentSensitivity><Value>213867.4766</Value><Frequency>1</Frequency><InputUnits><Name>M/S**2</Name></InputUnits><OutputUnits><Name>COUNTS</Name></OutputUnits></InstrumentSensitivity><Stage number="1"><PolesZeros resourceId="ResponsePAZ#20181122102614.731397.7" name="ResponsePAZ#20181122102614.731397.7"><InputUnits><Name>M/S**2</Name></InputUnits><OutputUnits><Name>V</Name></OutputUnits><PzTransferFunctionType>LAPLACE (RADIANS/SECOND)</PzTransferFunctionType><NormalizationFactor>2.45957e+13</NormalizationFactor><NormalizationFrequency>1</NormalizationFrequency><Pole number="0"><Real>-981</Real><Imaginary>1009</Imaginary></Pole><Pole number="1"><Real>-981</Real><Imaginary>-1009</Imaginary></Pole><Pole number="2"><Real>-3290</Real><Imaginary>1263</Imaginary></Pole><Pole number="3"><Real>-3290</Real><Imaginary>-1263</Imaginary></Pole></PolesZeros><StageGain><Value>0.5099</Value><Frequency>1</Frequency></StageGain></Stage><Stage number="2"><Coefficients><InputUnits><Name>V</Name></InputUnits><OutputUnits><Name>COUNTS</Name></OutputUnits><CfTransferFunctionType>DIGITAL</CfTransferFunctionType></Coefficients><Decimation><InputSampleRate>200</InputSampleRate><Factor>1</Factor><Offset>0</Offset><Delay>0</Delay><Correction>0</Correction></Decimation><StageGain><Value>419430</Value><Frequency>0</Frequency></StageGain></Stage></Response></Channel><Channel code="HGN" startDate="2017-12-15T09:01:00" restrictedStatus="open" locationCode=""><Latitude>53.36786</Latitude><Longitude>6.71359</Longitude><Elevation>1</Elevation><Depth>0</Depth><Azimuth>0</Azimuth><Dip>0</Dip><SampleRate>200</SampleRate><SampleRateRatio><NumberSamples>200</NumberSamples><NumberSeconds>1</NumberSeconds></SampleRateRatio><StorageFormat>Steim2</StorageFormat><ClockDrift>0</ClockDrift><Sensor resourceId="Sensor#20181122102614.734185.27"><Type>Kinemetrics Episensor ES-T +/- 20V Differential 4g</Type><Description>EpiS</Description><Manufacturer>Kinemetrics</Manufacturer><Model>Episensor ES-T +/- 20V Differential 4g</Model><SerialNumber>6398</SerialNumber></Sensor><DataLogger resourceId="Datalogger#20181122102614.734096.26"><Description>BGAR.2014.260.HGN</Description></DataLogger><Response><InstrumentSensitivity><Value>213867.4766</Value><Frequency>1</Frequency><InputUnits><Name>M/S**2</Name></InputUnits><OutputUnits><Name>COUNTS</Name></OutputUnits></InstrumentSensitivity><Stage number="1"><PolesZeros resourceId="ResponsePAZ#20181122102614.731397.7" name="ResponsePAZ#20181122102614.731397.7"><InputUnits><Name>M/S**2</Name></InputUnits><OutputUnits><Name>V</Name></OutputUnits><PzTransferFunctionType>LAPLACE (RADIANS/SECOND)</PzTransferFunctionType><NormalizationFactor>2.45957e+13</NormalizationFactor><NormalizationFrequency>1</NormalizationFrequency><Pole number="0"><Real>-981</Real><Imaginary>1009</Imaginary></Pole><Pole number="1"><Real>-981</Real><Imaginary>-1009</Imaginary></Pole><Pole number="2"><Real>-3290</Real><Imaginary>1263</Imaginary></Pole><Pole number="3"><Real>-3290</Real><Imaginary>-1263</Imaginary></Pole></PolesZeros><StageGain><Value>0.5099</Value><Frequency>1</Frequency></StageGain></Stage><Stage number="2"><Coefficients><InputUnits><Name>V</Name></InputUnits><OutputUnits><Name>COUNTS</Name></OutputUnits><CfTransferFunctionType>DIGITAL</CfTransferFunctionType></Coefficients><Decimation><InputSampleRate>200</InputSampleRate><Factor>1</Factor><Offset>0</Offset><Delay>0</Delay><Correction>0</Correction></Decimation><StageGain><Value>419430</Value><Frequency>0</Frequency></StageGain></Stage></Response></Channel><Channel code="HGZ" startDate="2017-12-15T09:01:00" restrictedStatus="open" locationCode=""><Latitude>53.36786</Latitude><Longitude>6.71359</Longitude><Elevation>1</Elevation><Depth>0</Depth><Azimuth>0</Azimuth><Dip>-90</Dip><SampleRate>200</SampleRate><SampleRateRatio><NumberSamples>200</NumberSamples><NumberSeconds>1</NumberSeconds></SampleRateRatio><StorageFormat>Steim2</StorageFormat><ClockDrift>0</ClockDrift><Sensor resourceId="Sensor#20181122102614.73456.30"><Type>Kinemetrics Episensor ES-T +/- 20V Differential 4g</Type><Description>EpiS</Description><Manufacturer>Kinemetrics</Manufacturer><Model>Episensor ES-T +/- 20V Differential 4g</Model><SerialNumber>6398</SerialNumber></Sensor><DataLogger resourceId="Datalogger#20181122102614.734445.29"><Description>BGAR.2014.260.HGZ</Description></DataLogger><Response><InstrumentSensitivity><Value>213867.4766</Value><Frequency>1</Frequency><InputUnits><Name>M/S**2</Name></InputUnits><OutputUnits><Name>COUNTS</Name></OutputUnits></InstrumentSensitivity><Stage number="1"><PolesZeros resourceId="ResponsePAZ#20181122102614.731397.7" name="ResponsePAZ#20181122102614.731397.7"><InputUnits><Name>M/S**2</Name></InputUnits><OutputUnits><Name>V</Name></OutputUnits><PzTransferFunctionType>LAPLACE (RADIANS/SECOND)</PzTransferFunctionType><NormalizationFactor>2.45957e+13</NormalizationFactor><NormalizationFrequency>1</NormalizationFrequency><Pole number="0"><Real>-981</Real><Imaginary>1009</Imaginary></Pole><Pole number="1"><Real>-981</Real><Imaginary>-1009</Imaginary></Pole><Pole number="2"><Real>-3290</Real><Imaginary>1263</Imaginary></Pole><Pole number="3"><Real>-3290</Real><Imaginary>-1263</Imaginary></Pole></PolesZeros><StageGain><Value>0.5099</Value><Frequency>1</Frequency></StageGain></Stage><Stage number="2"><Coefficients><InputUnits><Name>V</Name></InputUnits><OutputUnits><Name>COUNTS</Name></OutputUnits><CfTransferFunctionType>DIGITAL</CfTransferFunctionType></Coefficients><Decimation><InputSampleRate>200</InputSampleRate><Factor>1</Factor><Offset>0</Offset><Delay>0</Delay><Correction>0</Correction></Decimation><StageGain><Value>419430</Value><Frequency>0</Frequency></StageGain></Stage></Response></Channel></Station></Network></FDSNStationXML>
