<?xml version="1.0" encoding="UTF-8"?><FDSNStationXML xmlns="http://www.fdsn.org/xml/station/1" schemaVersion="1.0"><Source>SeisComP3</Source><Sender>KNMI</Sender><Created>2020-04-25T22:46:11</Created><Network code="NL" startDate="1993-01-01T00:00:00" restrictedStatus="open"><Description>Netherlands Seismic and Acoustic Network</Description><Station code="G690" startDate="2015-10-22T00:00:00" restrictedStatus="open"><Latitude>53.212837</Latitude><Longitude>6.643776</Longitude><Elevation>2</Elevation><Site><Name>Engelbert (niveau 0)</Name><Country>The Netherlands</Country></Site><CreationDate>2015-10-22T00:00:00</CreationDate><Channel code="HG1" startDate="2015-10-22T00:00:00" restrictedStatus="open" locationCode=""><Latitude>53.212837</Latitude><Longitude>6.643776</Longitude><Elevation>2</Elevation><Depth>0</Depth><Azimuth>359.3</Azimuth><Dip>0</Dip><SampleRate>200</SampleRate><SampleRateRatio><NumberSamples>200</NumberSamples><NumberSeconds>1</NumberSeconds></SampleRateRatio><StorageFormat>Steim2</StorageFormat><ClockDrift>0</ClockDrift><Sensor resourceId="Sensor#20181122102657.376659.6"><Type>Kinemetrics Episensor ES-T +/- 5V Differential 2g</Type><Description>EpiS</Description><Manufacturer>Kinemetrics</Manufacturer><Model>Episensor ES-T +/- 5V Differential 2g</Model><SerialNumber>6545</SerialNumber></Sensor><DataLogger resourceId="Datalogger#20181122102657.376381.5"><Description>G690.2015.295.HG1</Description></DataLogger><Response><InstrumentSensitivity><Value>106912.7668</Value><Frequency>1</Frequency><InputUnits><Name>M/S**2</Name></InputUnits><OutputUnits><Name>COUNTS</Name></OutputUnits></InstrumentSensitivity><Stage number="1"><PolesZeros resourceId="ResponsePAZ#20181122102657.376689.7" name="ResponsePAZ#20181122102657.376689.7"><InputUnits><Name>M/S**2</Name></InputUnits><OutputUnits><Name>V</Name></OutputUnits><PzTransferFunctionType>LAPLACE (RADIANS/SECOND)</PzTransferFunctionType><NormalizationFactor>2.45957e+13</NormalizationFactor><NormalizationFrequency>1</NormalizationFrequency><Pole number="0"><Real>-981</Real><Imaginary>1009</Imaginary></Pole><Pole number="1"><Real>-981</Real><Imaginary>-1009</Imaginary></Pole><Pole number="2"><Real>-3290</Real><Imaginary>1263</Imaginary></Pole><Pole number="3"><Real>-3290</Real><Imaginary>-1263</Imaginary></Pole></PolesZeros><StageGain><Value>0.2549</Value><Frequency>1</Frequency></StageGain></Stage><Stage number="2"><Coefficients><InputUnits><Name>V</Name></InputUnits><OutputUnits><Name>COUNTS</Name></OutputUnits><CfTransferFunctionType>DIGITAL</CfTransferFunctionType></Coefficients><Decimation><InputSampleRate>200</InputSampleRate><Factor>1</Factor><Offset>0</Offset><Delay>0</Delay><Correction>0</Correction></Decimation><StageGain><Value>419430</Value><Frequency>0</Frequency></StageGain></Stage></Response></Channel><Channel code="HG2" startDate="2015-10-22T00:00:00" restrictedStatus="open" locationCode=""><Latitude>53.212837</Latitude><Longitude>6.643776</Longitude><Elevation>2</Elevation><Depth>0</Depth><Azimuth>89.3</Azimuth><Dip>0</Dip><SampleRate>200</SampleRate><SampleRateRatio><NumberSamples>200</NumberSamples><NumberSeconds>1</NumberSeconds></SampleRateRatio><StorageFormat>Steim2</StorageFormat><ClockDrift>0</ClockDrift><Sensor resourceId="Sensor#20181122102657.37752.9"><Type>Kinemetrics Episensor ES-T +/- 5V Differential 2g</Type><Description>EpiS</Description><Manufacturer>Kinemetrics</Manufacturer><Model>Episensor ES-T +/- 5V Differential 2g</Model><SerialNumber>6545</SerialNumber></Sensor><DataLogger resourceId="Datalogger#20181122102657.377419.8"><Description>G690.2015.295.HG2</Description></DataLogger><Response><InstrumentSensitivity><Value>106912.7668</Value><Frequency>1</Frequency><InputUnits><Name>M/S**2</Name></InputUnits><OutputUnits><Name>COUNTS</Name></OutputUnits></InstrumentSensitivity><Stage number="1"><PolesZeros resourceId="ResponsePAZ#20181122102657.376689.7" name="ResponsePAZ#20181122102657.376689.7"><InputUnits><Name>M/S**2</Name></InputUnits><OutputUnits><Name>V</Name></OutputUnits><PzTransferFunctionType>LAPLACE (RADIANS/SECOND)</PzTransferFunctionType><NormalizationFactor>2.45957e+13</NormalizationFactor><NormalizationFrequency>1</NormalizationFrequency><Pole number="0"><Real>-981</Real><Imaginary>1009</Imaginary></Pole><Pole number="1"><Real>-981</Real><Imaginary>-1009</Imaginary></Pole><Pole number="2"><Real>-3290</Real><Imaginary>1263</Imaginary></Pole><Pole number="3"><Real>-3290</Real><Imaginary>-1263</Imaginary></Pole></PolesZeros><StageGain><Value>0.2549</Value><Frequency>1</Frequency></StageGain></Stage><Stage number="2"><Coefficients><InputUnits><Name>V</Name></InputUnits><OutputUnits><Name>COUNTS</Name></OutputUnits><CfTransferFunctionType>DIGITAL</CfTransferFunctionType></Coefficients><Decimation><InputSampleRate>200</InputSampleRate><Factor>1</Factor><Offset>0</Offset><Delay>0</Delay><Correction>0</Correction></Decimation><StageGain><Value>419430</Value><Frequency>0</Frequency></StageGain></Stage></Response></Channel><Channel code="HGZ" startDate="2015-10-22T00:00:00" restrictedStatus="open" locationCode=""><Latitude>53.212837</Latitude><Longitude>6.643776</Longitude><Elevation>2</Elevation><Depth>0</Depth><Azimuth>0</Azimuth><Dip>-90</Dip><SampleRate>200</SampleRate><SampleRateRatio><NumberSamples>200</NumberSamples><NumberSeconds>1</NumberSeconds></SampleRateRatio><StorageFormat>Steim2</StorageFormat><ClockDrift>0</ClockDrift><Sensor resourceId="Sensor#20181122102657.377879.12"><Type>Kinemetrics Episensor ES-T +/- 5V Differential 2g</Type><Description>EpiS</Description><Manufacturer>Kinemetrics</Manufacturer><Model>Episensor ES-T +/- 5V Differential 2g</Model><SerialNumber>6545</SerialNumber></Sensor><DataLogger resourceId="Datalogger#20181122102657.377772.11"><Description>G690.2015.295.HGZ</Description></DataLogger><Response><InstrumentSensitivity><Value>106912.7668</Value><Frequency>1</Frequency><InputUnits><Name>M/S**2</Name></InputUnits><OutputUnits><Name>COUNTS</Name></OutputUnits></InstrumentSensitivity><Stage number="1"><PolesZeros resourceId="ResponsePAZ#20181122102657.376689.7" name="ResponsePAZ#20181122102657.376689.7"><InputUnits><Name>M/S**2</Name></InputUnits><OutputUnits><Name>V</Name></OutputUnits><PzTransferFunctionType>LAPLACE (RADIANS/SECOND)</PzTransferFunctionType><NormalizationFactor>2.45957e+13</NormalizationFactor><NormalizationFrequency>1</NormalizationFrequency><Pole number="0"><Real>-981</Real><Imaginary>1009</Imaginary></Pole><Pole number="1"><Real>-981</Real><Imaginary>-1009</Imaginary></Pole><Pole number="2"><Real>-3290</Real><Imaginary>1263</Imaginary></Pole><Pole number="3"><Real>-3290</Real><Imaginary>-1263</Imaginary></Pole></PolesZeros><StageGain><Value>0.2549</Value><Frequency>1</Frequency></StageGain></Stage><Stage number="2"><Coefficients><InputUnits><Name>V</Name></InputUnits><OutputUnits><Name>COUNTS</Name></OutputUnits><CfTransferFunctionType>DIGITAL</CfTransferFunctionType></Coefficients><Decimation><InputSampleRate>200</InputSampleRate><Factor>1</Factor><Offset>0</Offset><Delay>0</Delay><Correction>0</Correction></Decimation><StageGain><Value>419430</Value><Frequency>0</Frequency></StageGain></Stage></Response></Channel></Station></Network></FDSNStationXML>
